HyattHotelsQuarterlyNetIncomeQuarterly,HyattHotelsQuarterlyNetIncomeDollars
2020-09-30,-161000000.0
2020-06-30,-236000000.0
2020-03-31,-103000000.0
2019-12-31,321000000.0
2019-09-30,296000000.0
2019-06-30,86000000.0
2019-03-31,63000000.0
2018-12-31,44000000.0
2018-09-30,237000000.0
2018-06-30,77000000.0
2018-03-31,411000000.0
2017-12-31,213000000.0
2017-09-30,18000000.0
2017-06-30,103000000.0
2017-03-31,55000000.0
2016-12-31,43000000.0
2016-09-30,62000000.0
2016-06-30,67000000.0
2016-03-31,34000000.0
2015-12-31,37000000.0
2015-09-30,25000000.0
2015-06-30,40000000.0
2015-03-31,22000000.0
2014-12-31,182000000.0
2014-09-30,32000000.0
2014-06-30,74000000.0
2014-03-31,56000000.0
2013-12-31,32000000.0
2013-09-30,55000000.0
2013-06-30,112000000.0
2013-03-31,8000000.0
2012-12-31,16000000.0
2012-09-30,23000000.0
2012-06-30,39000000.0
2012-03-31,10000000.0
2011-12-31,52000000.0
2011-09-30,14000000.0
2011-06-30,37000000.0
2011-03-31,10000000.0
2010-12-31,6000000.0
2010-09-30,30000000.0
2010-06-30,25000000.0
2010-03-31,5000000.0
2009-12-31,-12000000.0
2009-09-30,5000000.0
2009-06-30,-50000000.0
2009-03-31,14000000.0
2008-12-31,0.0
