HyattHotelsQuarterlyRevenueQuarterly,HyattHotelsQuarterlyRevenueDollars
2020-09-30,399000000.0
2020-06-30,250000000.0
2020-03-31,993000000.0
2019-12-31,1275000000.0
2019-09-30,1215000000.0
2019-06-30,1289000000.0
2019-03-31,1241000000.0
2018-12-31,1138000000.0
2018-09-30,1074000000.0
2018-06-30,1133000000.0
2018-03-31,1109000000.0
2017-12-31,1117000000.0
2017-09-30,1070000000.0
2017-06-30,1149000000.0
2017-03-31,1126000000.0
2016-12-31,923000000.0
2016-09-30,1088000000.0
2016-06-30,1165000000.0
2016-03-31,1089000000.0
2015-12-31,1109000000.0
2015-09-30,1053000000.0
2015-06-30,1112000000.0
2015-03-31,1054000000.0
2014-12-31,1079000000.0
2014-09-30,1104000000.0
2014-06-30,1158000000.0
2014-03-31,1074000000.0
2013-12-31,1091000000.0
2013-09-30,1026000000.0
2013-06-30,1092000000.0
2013-03-31,975000000.0
2012-12-31,1000000000.0
2012-09-30,977000000.0
2012-06-30,1014000000.0
2012-03-31,958000000.0
2011-12-31,990000000.0
2011-09-30,897000000.0
2011-06-30,936000000.0
2011-03-31,875000000.0
2010-12-31,918000000.0
2010-09-30,879000000.0
2010-06-30,889000000.0
2010-03-31,841000000.0
2009-12-31,889000000.0
2009-09-30,806000000.0
2009-06-30,847000000.0
2009-03-31,789000000.0
2008-12-31,0.0
