Hyatt-Hotels-Quarterly-Net-Income-Quarterly,Hyatt-Hotels-Quarterly-Net-Income(Millions-of-US-$)
2020-09-30,$-161
2020-06-30,$-236
2020-03-31,$-103
2019-12-31,$321
2019-09-30,$296
2019-06-30,$86
2019-03-31,$63
2018-12-31,$44
2018-09-30,$237
2018-06-30,$77
2018-03-31,$411
2017-12-31,$213
2017-09-30,$18
2017-06-30,$103
2017-03-31,$55
2016-12-31,$43
2016-09-30,$62
2016-06-30,$67
2016-03-31,$34
2015-12-31,$37
2015-09-30,$25
2015-06-30,$40
2015-03-31,$22
2014-12-31,$182
2014-09-30,$32
2014-06-30,$74
2014-03-31,$56
2013-12-31,$32
2013-09-30,$55
2013-06-30,$112
2013-03-31,$8
2012-12-31,$16
2012-09-30,$23
2012-06-30,$39
2012-03-31,$10
2011-12-31,$52
2011-09-30,$14
2011-06-30,$37
2011-03-31,$10
2010-12-31,$6
2010-09-30,$30
2010-06-30,$25
2010-03-31,$5
2009-12-31,$-12
2009-09-30,$5
2009-06-30,$-50
2009-03-31,$14
2008-12-31,
