Hyatt Hotels Quarterly Revenue(Millions of US $),Hyatt Hotels Quarterly Revenue(Millions of US $).1
2020-09-30,$399
2020-06-30,$250
2020-03-31,$993
2019-12-31,"$1,275"
2019-09-30,"$1,215"
2019-06-30,"$1,289"
2019-03-31,"$1,241"
2018-12-31,"$1,138"
2018-09-30,"$1,074"
2018-06-30,"$1,133"
2018-03-31,"$1,109"
2017-12-31,"$1,117"
2017-09-30,"$1,070"
2017-06-30,"$1,149"
2017-03-31,"$1,126"
2016-12-31,$923
2016-09-30,"$1,088"
2016-06-30,"$1,165"
2016-03-31,"$1,089"
2015-12-31,"$1,109"
2015-09-30,"$1,053"
2015-06-30,"$1,112"
2015-03-31,"$1,054"
2014-12-31,"$1,079"
2014-09-30,"$1,104"
2014-06-30,"$1,158"
2014-03-31,"$1,074"
2013-12-31,"$1,091"
2013-09-30,"$1,026"
2013-06-30,"$1,092"
2013-03-31,$975
2012-12-31,"$1,000"
2012-09-30,$977
2012-06-30,"$1,014"
2012-03-31,$958
2011-12-31,$990
2011-09-30,$897
2011-06-30,$936
2011-03-31,$875
2010-12-31,$918
2010-09-30,$879
2010-06-30,$889
2010-03-31,$841
2009-12-31,$889
2009-09-30,$806
2009-06-30,$847
2009-03-31,$789
2008-12-31,
